{
    "observation.state.right_main_camera_trajectory_xyz_wxyz": {
        "min": [
            -0.10035407543182373,
            -0.5066400766372681,
            0.1986234486103058,
            0.42867007851600647,
            -0.8960443139076233,
            -0.2613217234611511,
            -0.06330938637256622
        ],
        "max": [
            0.09945084154605865,
            -0.01382136344909668,
            0.4925749897956848,
            0.5100370645523071,
            -0.8310437798500061,
            -0.029174335300922394,
            0.1654847115278244
        ],
        "mean": [
            -0.010393742471933365,
            -0.217921182513237,
            0.3121594488620758,
            0.464043527841568,
            -0.8653106093406677,
            -0.13921499252319336,
            0.05899878591299057
        ],
        "std": [
            0.06341327726840973,
            0.17106683552265167,
            0.10795512795448303,
            0.022936228662729263,
            0.01775525137782097,
            0.08291762322187424,
            0.07296205312013626
        ],
        "count": [
            400
        ],
        "q01": [
            -0.09875563532114029,
            -0.5007262229919434,
            0.19875279068946838,
            0.4293210208415985,
            -0.8959143161773682,
            -0.2606717050075531,
            -0.06230269372463226
        ],
        "q10": [
            -0.08269131928682327,
            -0.4963894486427307,
            0.2065601348876953,
            0.4339101016521454,
            -0.8915202617645264,
            -0.2465803623199463,
            -0.04312974587082863
        ],
        "q50": [
            -0.036496423184871674,
            -0.1250998079776764,
            0.24189311265945435,
            0.460647314786911,
            -0.8669630885124207,
            -0.12960128486156464,
            0.04957762360572815
        ],
        "q90": [
            0.0859440267086029,
            -0.026683911681175232,
            0.4675891101360321,
            0.49936172366142273,
            -0.8390648365020752,
            -0.036092326045036316,
            0.15299256145954132
        ],
        "q99": [
            0.0989912822842598,
            -0.015102684497833252,
            0.49222224950790405,
            0.5096953511238098,
            -0.8317847847938538,
            -0.029592201113700867,
            0.16154946386814117
        ]
    },
    "observation.state.right_gripper_width_m": {
        "min": [
            0.05599991977214813
        ],
        "max": [
            0.08498145639896393
        ],
        "mean": [
            0.07527074217796326
        ],
        "std": [
            0.010443568229675293
        ],
        "count": [
            400
        ],
        "q01": [
            0.0560578815639019
        ],
        "q10": [
            0.05624336376786232
        ],
        "q50": [
            0.08106604963541031
        ],
        "q90": [
            0.0830107107758522
        ],
        "q99": [
            0.08334110677242279
        ]
    },
    "observation.image.right_main_camera_rgb": {
        "min": [
            [
                [
                    0.0
                ]
            ],
            [
                [
                    0.0
                ]
            ],
            [
                [
                    0.0
                ]
            ]
        ],
        "max": [
            [
                [
                    1.0
                ]
            ],
            [
                [
                    1.0
                ]
            ],
            [
                [
                    1.0
                ]
            ]
        ],
        "mean": [
            [
                [
                    0.449260162377451
                ]
            ],
            [
                [
                    0.47019274509803927
                ]
            ],
            [
                [
                    0.46849065716911764
                ]
            ]
        ],
        "std": [
            [
                [
                    0.0
                ]
            ],
            [
                [
                    0.0
                ]
            ],
            [
                [
                    0.0
                ]
            ]
        ],
        "count": [
            100
        ],
        "q01": [
            [
                [
                    -3.9215686274509807e-13
                ]
            ],
            [
                [
                    0.0038501678128026453
                ]
            ],
            [
                [
                    -3.9215686274509807e-13
                ]
            ]
        ],
        "q10": [
            [
                [
                    -3.9215686274509807e-13
                ]
            ],
            [
                [
                    0.03124456057983712
                ]
            ],
            [
                [
                    0.02345582600158127
                ]
            ]
        ],
        "q50": [
            [
                [
                    0.47850469464061457
                ]
            ],
            [
                [
                    0.49402801900157867
                ]
            ],
            [
                [
                    0.5059713650199064
                ]
            ]
        ],
        "q90": [
            [
                [
                    0.7765282531753157
                ]
            ],
            [
                [
                    0.7882337492803182
                ]
            ],
            [
                [
                    0.815676359973384
                ]
            ]
        ],
        "q99": [
            [
                [
                    0.9999317178564394
                ]
            ],
            [
                [
                    0.999893132958021
                ]
            ],
            [
                [
                    0.9999455764962412
                ]
            ]
        ]
    },
    "timestamp": {
        "min": [
            0.0
        ],
        "max": [
            6.65
        ],
        "mean": [
            3.325
        ],
        "std": [
            1.924494883224051
        ],
        "count": [
            400
        ],
        "q01": [
            0.05053999990152001
        ],
        "q10": [
            0.65036999991956
        ],
        "q50": [
            3.3170199999997605
        ],
        "q90": [
            5.983670000079961
        ],
        "q99": [
            6.583500000098001
        ]
    },
    "frame_index": {
        "min": [
            0
        ],
        "max": [
            399
        ],
        "mean": [
            199.5
        ],
        "std": [
            115.46969299344309
        ],
        "count": [
            400
        ],
        "q01": [
            3.0323999999015196
        ],
        "q10": [
            39.02219999991956
        ],
        "q50": [
            199.02119999999977
        ],
        "q90": [
            359.0202000000799
        ],
        "q99": [
            395.010000000098
        ]
    },
    "episode_index": {
        "min": [
            0
        ],
        "max": [
            0
        ],
        "mean": [
            0.0
        ],
        "std": [
            0.0
        ],
        "count": [
            400
        ],
        "q01": [
            3.9999999999994176e-16
        ],
        "q10": [
            3.999999999999417e-15
        ],
        "q50": [
            1.9999999999997088e-14
        ],
        "q90": [
            3.599999999999476e-14
        ],
        "q99": [
            3.9599999999994235e-14
        ]
    },
    "index": {
        "min": [
            0
        ],
        "max": [
            399
        ],
        "mean": [
            199.5
        ],